<?xml version = "1.0" encoding = "utf-8"?>
<!DOCTYPE hibernate-configuration SYSTEM 
"http://www.hibernate.org/dtd/hibernate-configuration-3.0.dtd">

<hibernate-configuration>
   <session-factory>
   
      <property name = "hibernate.dialect">
         org.hibernate.dialect.MySQLDialect
      </property>
   
      <property name = "hibernate.connection.driver_class">
         com.mysql.jdbc.Driver
      </property>
      
	  <!--  mysql is the name of database in MySql Db. -->
      <property name = "hibernate.connection.url">
         jdbc:mysql://localhost:3306/mysql
      </property>
   
      <property name = "hibernate.connection.username">
         root
      </property>
   
      <property name = "hibernate.connection.password">
         root
      </property>
      
      <!--  Creates the db table if doesn't exists, else updates the db table. -->
      <property name = "hibernate.hbm2ddl.auto">
         update
      </property> 

   </session-factory>
</hibernate-configuration>